Nome,Prezzo,Categoria,Colore
Nome non disponibile,0.0,Ciabatte Donna,Non specificato
Nome non disponibile,0.0,Ciabatte Donna,Non specificato
Nome non disponibile,0.0,Ciabatte Donna,Non specificato
Nome non disponibile,0.0,Ciabatte Donna,Non specificato
Nome non disponibile,0.0,Ciabatte Donna,Non specificato
Nome non disponibile,0.0,Ciabatte Donna,Non specificato
Nome non disponibile,0.0,Ciabatte Donna,Non specificato
Nome non disponibile,0.0,Ciabatte Donna,Non specificato
Nome non disponibile,0.0,Ciabatte Donna,Non specificato
Nome non disponibile,0.0,Ciabatte Donna,Non specificato
Nome non disponibile,0.0,Ciabatte Donna,Non specificato
Nome non disponibile,0.0,Ciabatte Donna,Non specificato
Nome non disponibile,0.0,Ciabatte Donna,Non specificato
Nome non disponibile,0.0,Ciabatte Donna,Non specificato
Nome non disponibile,0.0,Ciabatte Donna,Non specificato
Nome non disponibile,0.0,Ciabatte Donna,Non specificato
Nome non disponibile,0.0,Ciabatte Donna,Non specificato
Nome non disponibile,0.0,Ciabatte Donna,Non specificato
Nome non disponibile,0.0,Ciabatte Donna,Non specificato
1908 SLIDES CLEAR IDENTITYBLACK,35.0,Ciabatte Donna,BLACK
1908 SLIDES CLEAR IDENTITYBLACK,35.0,Ciabatte Donna,BLACK
1908 SLIDES CLEAR IDENTITYPINK TICKLED,35.0,Ciabatte Donna,PINK TICKLED
1908 SLIDES POLYSOFTWHITE-BLACK,29.0,Ciabatte Donna,WHITE-BLACK
1908 SLIDES POLYSOFTBLACK-WHITE,29.0,Ciabatte Donna,BLACK-WHITE
1908 SLIDES POLYSOFTBLUE NAVY-WHITE,29.0,Ciabatte Donna,BLUE NAVY-WHITE
1908 SLIDES POLYSOFTPINK PARFAIT,29.0,Ciabatte Donna,PINK PARFAIT
1908 SLIDES POLYSOFTWHITE-MULTICOLOR,29.0,Ciabatte Donna,WHITE-MULTICOLOR
1908 SLIDES POLYSOFTAZURE ICE,29.0,Ciabatte Donna,AZURE ICE
1908 SLIDES POLYSOFTORANGE MELON-ORANGE MD,29.0,Ciabatte Donna,ORANGE MELON-ORANGE MD
1908 SLIDES POLYSOFTWHITE-RED,29.0,Ciabatte Donna,WHITE-RED
1908 SLIDES CLEAR IDENTITYWHITE AVORIO-VIOLET LILLA,35.0,Ciabatte Donna,WHITE AVORIO-VIOLET LILLA
1908 SLIDES CURLY PADDED STRIPESWHITE-SHADED PINK,45.0,Ciabatte Donna,WHITE-SHADED PINK
Nome non disponibile,0.0,Ciabatte Donna,Non specificato
Nome non disponibile,0.0,Ciabatte Donna,Non specificato
Nome non disponibile,0.0,Ciabatte Donna,Non specificato
Nome non disponibile,0.0,Ciabatte Uomo,Non specificato
Nome non disponibile,0.0,Ciabatte Uomo,Non specificato
Nome non disponibile,0.0,Ciabatte Uomo,Non specificato
Nome non disponibile,0.0,Ciabatte Uomo,Non specificato
Nome non disponibile,0.0,Ciabatte Uomo,Non specificato
Nome non disponibile,0.0,Ciabatte Uomo,Non specificato
Nome non disponibile,0.0,Ciabatte Uomo,Non specificato
Nome non disponibile,0.0,Ciabatte Uomo,Non specificato
Nome non disponibile,0.0,Ciabatte Uomo,Non specificato
Nome non disponibile,0.0,Ciabatte Uomo,Non specificato
Nome non disponibile,0.0,Ciabatte Uomo,Non specificato
Nome non disponibile,0.0,Ciabatte Uomo,Non specificato
Nome non disponibile,0.0,Ciabatte Uomo,Non specificato
Nome non disponibile,0.0,Ciabatte Uomo,Non specificato
Nome non disponibile,0.0,Ciabatte Uomo,Non specificato
Nome non disponibile,0.0,Ciabatte Uomo,Non specificato
Nome non disponibile,0.0,Ciabatte Uomo,Non specificato
Nome non disponibile,0.0,Ciabatte Uomo,Non specificato
Nome non disponibile,0.0,Ciabatte Uomo,Non specificato
1908 SLIDES POLYSOFTBLACK-WHITE,29.0,Ciabatte Uomo,BLACK-WHITE
1908 SLIDES POLYSOFTBLACK-WHITE,29.0,Ciabatte Uomo,BLACK-WHITE
1908 SLIDES POLYSOFTWHITE-BLACK,29.0,Ciabatte Uomo,WHITE-BLACK
1908 SLIDES CLEAR IDENTITYBLACK,35.0,Ciabatte Uomo,BLACK
1908 SLIDES CLEAR IDENTITYPINK TICKLED,35.0,Ciabatte Uomo,PINK TICKLED
1908 SLIDES POLYSOFTBLUE NAVY-WHITE,29.0,Ciabatte Uomo,BLUE NAVY-WHITE
1908 SLIDES POLYSOFTPINK PARFAIT,29.0,Ciabatte Uomo,PINK PARFAIT
1908 SLIDES POLYSOFTWHITE-MULTICOLOR,29.0,Ciabatte Uomo,WHITE-MULTICOLOR
1908 SLIDES POLYSOFTAZURE ICE,29.0,Ciabatte Uomo,AZURE ICE
1908 SLIDES POLYSOFTORANGE MELON-ORANGE MD,29.0,Ciabatte Uomo,ORANGE MELON-ORANGE MD
1908 SLIDES POLYSOFTWHITE-RED,29.0,Ciabatte Uomo,WHITE-RED
1908 SLIDES CLEAR IDENTITYWHITE AVORIO-VIOLET LILLA,35.0,Ciabatte Uomo,WHITE AVORIO-VIOLET LILLA
Nome non disponibile,0.0,Ciabatte Uomo,Non specificato
Nome non disponibile,0.0,Ciabatte Uomo,Non specificato
Nome non disponibile,0.0,Ciabatte Uomo,Non specificato
