name,color,size,price_sale,price
1908 SLIDES CLEAR IDENTITY,BLACK,35,,35.00
1908 SLIDES CLEAR IDENTITY,BLACK,36,,35.00
1908 SLIDES CLEAR IDENTITY,BLACK,37,,35.00
1908 SLIDES CLEAR IDENTITY,BLACK,38,,35.00
1908 SLIDES CLEAR IDENTITY,BLACK,39,,35.00
1908 SLIDES CLEAR IDENTITY,BLACK,40,,35.00
1908 SLIDES CLEAR IDENTITY,BLACK,41,,35.00
1908 SLIDES CLEAR IDENTITY,BLACK,42,,35.00
1908 SLIDES CLEAR IDENTITY,BLACK,43,,35.00
1908 SLIDES CLEAR IDENTITY,BLACK,44,,35.00
1908 SLIDES CLEAR IDENTITY,BLACK,45,,35.00
1908 SLIDES CLEAR IDENTITY,BLACK,46,,35.00
1908 SLIDES CLEAR IDENTITY,PINK TICKLED,35,,35.00
1908 SLIDES CLEAR IDENTITY,PINK TICKLED,36,,35.00
1908 SLIDES CLEAR IDENTITY,PINK TICKLED,37,,35.00
1908 SLIDES CLEAR IDENTITY,PINK TICKLED,38,,35.00
1908 SLIDES CLEAR IDENTITY,PINK TICKLED,39,,35.00
1908 SLIDES CLEAR IDENTITY,PINK TICKLED,40,,35.00
1908 SLIDES CLEAR IDENTITY,PINK TICKLED,41,,35.00
1908 SLIDES CLEAR IDENTITY,PINK TICKLED,42,,35.00
1908 SLIDES CLEAR IDENTITY,PINK TICKLED,43,,35.00
1908 SLIDES CLEAR IDENTITY,PINK TICKLED,44,,35.00
1908 SLIDES CLEAR IDENTITY,PINK TICKLED,45,,35.00
1908 SLIDES CLEAR IDENTITY,PINK TICKLED,46,,35.00
1908 SLIDES CLEAR IDENTITY,WHITE AVORIO-VIOLET LILLA,35,,35.00
1908 SLIDES CLEAR IDENTITY,WHITE AVORIO-VIOLET LILLA,36,,35.00
1908 SLIDES CLEAR IDENTITY,WHITE AVORIO-VIOLET LILLA,37,,35.00
1908 SLIDES CLEAR IDENTITY,WHITE AVORIO-VIOLET LILLA,38,,35.00
1908 SLIDES CLEAR IDENTITY,WHITE AVORIO-VIOLET LILLA,39,,35.00
1908 SLIDES CLEAR IDENTITY,WHITE AVORIO-VIOLET LILLA,40,,35.00
1908 SLIDES CLEAR IDENTITY,WHITE AVORIO-VIOLET LILLA,41,,35.00
1908 SLIDES CLEAR IDENTITY,WHITE AVORIO-VIOLET LILLA,42,,35.00
1908 SLIDES CLEAR IDENTITY,WHITE AVORIO-VIOLET LILLA,43,,35.00
1908 SLIDES CLEAR IDENTITY,WHITE AVORIO-VIOLET LILLA,44,,35.00
1908 SLIDES CLEAR IDENTITY,WHITE AVORIO-VIOLET LILLA,45,,35.00
1908 SLIDES CLEAR IDENTITY,WHITE AVORIO-VIOLET LILLA,46,,35.00
1908 SLIDES CLEAR IDENTITY,BLACK,35,,35.00
1908 SLIDES CLEAR IDENTITY,BLACK,36,,35.00
1908 SLIDES CLEAR IDENTITY,BLACK,37,,35.00
1908 SLIDES CLEAR IDENTITY,BLACK,38,,35.00
1908 SLIDES CLEAR IDENTITY,BLACK,39,,35.00
1908 SLIDES CLEAR IDENTITY,BLACK,40,,35.00
1908 SLIDES CLEAR IDENTITY,BLACK,41,,35.00
1908 SLIDES CLEAR IDENTITY,BLACK,42,,35.00
1908 SLIDES CLEAR IDENTITY,PINK TICKLED,35,,35.00
1908 SLIDES CLEAR IDENTITY,PINK TICKLED,36,,35.00
1908 SLIDES CLEAR IDENTITY,PINK TICKLED,37,,35.00
1908 SLIDES CLEAR IDENTITY,PINK TICKLED,38,,35.00
1908 SLIDES CLEAR IDENTITY,PINK TICKLED,39,,35.00
1908 SLIDES CLEAR IDENTITY,PINK TICKLED,40,,35.00
1908 SLIDES CLEAR IDENTITY,PINK TICKLED,41,,35.00
1908 SLIDES CLEAR IDENTITY,PINK TICKLED,42,,35.00
1908 SLIDES CLEAR IDENTITY,WHITE AVORIO-VIOLET LILLA,35,,35.00
1908 SLIDES CLEAR IDENTITY,WHITE AVORIO-VIOLET LILLA,36,,35.00
1908 SLIDES CLEAR IDENTITY,WHITE AVORIO-VIOLET LILLA,37,,35.00
1908 SLIDES CLEAR IDENTITY,WHITE AVORIO-VIOLET LILLA,38,,35.00
1908 SLIDES CLEAR IDENTITY,WHITE AVORIO-VIOLET LILLA,39,,35.00
1908 SLIDES CLEAR IDENTITY,WHITE AVORIO-VIOLET LILLA,40,,35.00
1908 SLIDES CLEAR IDENTITY,WHITE AVORIO-VIOLET LILLA,41,,35.00
1908 SLIDES CLEAR IDENTITY,WHITE AVORIO-VIOLET LILLA,42,,35.00
1908 SLIDES POLYSOFT,AZURE ICE,35,,29.00
1908 SLIDES POLYSOFT,AZURE ICE,36,,29.00
1908 SLIDES POLYSOFT,AZURE ICE,37,,29.00
1908 SLIDES POLYSOFT,AZURE ICE,38,,29.00
1908 SLIDES POLYSOFT,AZURE ICE,39,,29.00
1908 SLIDES POLYSOFT,AZURE ICE,40,,29.00
1908 SLIDES POLYSOFT,AZURE ICE,41,,29.00
1908 SLIDES POLYSOFT,AZURE ICE,42,,29.00
1908 SLIDES POLYSOFT,AZURE ICE,43,,29.00
1908 SLIDES POLYSOFT,AZURE ICE,44,,29.00
1908 SLIDES POLYSOFT,AZURE ICE,45,,29.00
1908 SLIDES POLYSOFT,AZURE ICE,46,,29.00
1908 SLIDES POLYSOFT,AZURE ICE,47,,29.00
1908 SLIDES POLYSOFT,BLACK-WHITE,35,,29.00
1908 SLIDES POLYSOFT,BLACK-WHITE,36,,29.00
1908 SLIDES POLYSOFT,BLACK-WHITE,37,,29.00
1908 SLIDES POLYSOFT,BLACK-WHITE,38,,29.00
1908 SLIDES POLYSOFT,BLACK-WHITE,39,,29.00
1908 SLIDES POLYSOFT,BLACK-WHITE,40,,29.00
1908 SLIDES POLYSOFT,BLACK-WHITE,41,,29.00
1908 SLIDES POLYSOFT,BLACK-WHITE,42,,29.00
1908 SLIDES POLYSOFT,BLACK-WHITE,43,,29.00
1908 SLIDES POLYSOFT,BLACK-WHITE,44,,29.00
1908 SLIDES POLYSOFT,BLACK-WHITE,45,,29.00
1908 SLIDES POLYSOFT,BLACK-WHITE,46,,29.00
1908 SLIDES POLYSOFT,BLACK-WHITE,47,,29.00
1908 SLIDES POLYSOFT,BLUE NAVY-WHITE,35,,29.00
1908 SLIDES POLYSOFT,BLUE NAVY-WHITE,36,,29.00
1908 SLIDES POLYSOFT,BLUE NAVY-WHITE,37,,29.00
1908 SLIDES POLYSOFT,BLUE NAVY-WHITE,38,,29.00
1908 SLIDES POLYSOFT,BLUE NAVY-WHITE,39,,29.00
1908 SLIDES POLYSOFT,BLUE NAVY-WHITE,40,,29.00
1908 SLIDES POLYSOFT,BLUE NAVY-WHITE,41,,29.00
1908 SLIDES POLYSOFT,BLUE NAVY-WHITE,42,,29.00
1908 SLIDES POLYSOFT,BLUE NAVY-WHITE,43,,29.00
1908 SLIDES POLYSOFT,BLUE NAVY-WHITE,44,,29.00
1908 SLIDES POLYSOFT,BLUE NAVY-WHITE,45,,29.00
1908 SLIDES POLYSOFT,BLUE NAVY-WHITE,46,,29.00
1908 SLIDES POLYSOFT,BLUE NAVY-WHITE,47,,29.00
1908 SLIDES POLYSOFT,ORANGE MELON-ORANGE MD,35,,29.00
1908 SLIDES POLYSOFT,ORANGE MELON-ORANGE MD,36,,29.00
1908 SLIDES POLYSOFT,ORANGE MELON-ORANGE MD,37,,29.00
1908 SLIDES POLYSOFT,ORANGE MELON-ORANGE MD,38,,29.00
1908 SLIDES POLYSOFT,ORANGE MELON-ORANGE MD,39,,29.00
1908 SLIDES POLYSOFT,ORANGE MELON-ORANGE MD,40,,29.00
1908 SLIDES POLYSOFT,ORANGE MELON-ORANGE MD,41,,29.00
1908 SLIDES POLYSOFT,ORANGE MELON-ORANGE MD,42,,29.00
1908 SLIDES POLYSOFT,ORANGE MELON-ORANGE MD,43,,29.00
1908 SLIDES POLYSOFT,ORANGE MELON-ORANGE MD,44,,29.00
1908 SLIDES POLYSOFT,ORANGE MELON-ORANGE MD,45,,29.00
1908 SLIDES POLYSOFT,ORANGE MELON-ORANGE MD,46,,29.00
1908 SLIDES POLYSOFT,ORANGE MELON-ORANGE MD,47,,29.00
1908 SLIDES POLYSOFT,PINK PARFAIT,35,,29.00
1908 SLIDES POLYSOFT,PINK PARFAIT,36,,29.00
1908 SLIDES POLYSOFT,PINK PARFAIT,37,,29.00
1908 SLIDES POLYSOFT,PINK PARFAIT,38,,29.00
1908 SLIDES POLYSOFT,PINK PARFAIT,39,,29.00
1908 SLIDES POLYSOFT,PINK PARFAIT,40,,29.00
1908 SLIDES POLYSOFT,PINK PARFAIT,41,,29.00
1908 SLIDES POLYSOFT,PINK PARFAIT,42,,29.00
1908 SLIDES POLYSOFT,PINK PARFAIT,43,,29.00
1908 SLIDES POLYSOFT,PINK PARFAIT,44,,29.00
1908 SLIDES POLYSOFT,PINK PARFAIT,45,,29.00
1908 SLIDES POLYSOFT,PINK PARFAIT,46,,29.00
1908 SLIDES POLYSOFT,PINK PARFAIT,47,,29.00
1908 SLIDES POLYSOFT,PINK SKIN,35,,29.00
1908 SLIDES POLYSOFT,PINK SKIN,36,,29.00
1908 SLIDES POLYSOFT,PINK SKIN,37,,29.00
1908 SLIDES POLYSOFT,PINK SKIN,38,,29.00
1908 SLIDES POLYSOFT,PINK SKIN,39,,29.00
1908 SLIDES POLYSOFT,PINK SKIN,40,,29.00
1908 SLIDES POLYSOFT,PINK SKIN,41,,29.00
1908 SLIDES POLYSOFT,PINK SKIN,42,,29.00
1908 SLIDES POLYSOFT,PINK SKIN,43,,29.00
1908 SLIDES POLYSOFT,PINK SKIN,44,,29.00
1908 SLIDES POLYSOFT,PINK SKIN,45,,29.00
1908 SLIDES POLYSOFT,PINK SKIN,46,,29.00
1908 SLIDES POLYSOFT,PINK SKIN,47,,29.00
1908 SLIDES POLYSOFT,TOTAL BLACK,35,,29.00
1908 SLIDES POLYSOFT,TOTAL BLACK,36,,29.00
1908 SLIDES POLYSOFT,TOTAL BLACK,37,,29.00
1908 SLIDES POLYSOFT,TOTAL BLACK,38,,29.00
1908 SLIDES POLYSOFT,TOTAL BLACK,39,,29.00
1908 SLIDES POLYSOFT,TOTAL BLACK,40,,29.00
1908 SLIDES POLYSOFT,TOTAL BLACK,41,,29.00
1908 SLIDES POLYSOFT,TOTAL BLACK,42,,29.00
1908 SLIDES POLYSOFT,TOTAL BLACK,43,,29.00
1908 SLIDES POLYSOFT,TOTAL BLACK,44,,29.00
1908 SLIDES POLYSOFT,TOTAL BLACK,45,,29.00
1908 SLIDES POLYSOFT,TOTAL BLACK,46,,29.00
1908 SLIDES POLYSOFT,TOTAL BLACK,47,,29.00
1908 SLIDES POLYSOFT,WHITE-BLACK,35,,29.00
1908 SLIDES POLYSOFT,WHITE-BLACK,36,,29.00
1908 SLIDES POLYSOFT,WHITE-BLACK,37,,29.00
1908 SLIDES POLYSOFT,WHITE-BLACK,38,,29.00
1908 SLIDES POLYSOFT,WHITE-BLACK,39,,29.00
1908 SLIDES POLYSOFT,WHITE-BLACK,40,,29.00
1908 SLIDES POLYSOFT,WHITE-BLACK,41,,29.00
1908 SLIDES POLYSOFT,WHITE-BLACK,42,,29.00
1908 SLIDES POLYSOFT,WHITE-BLACK,43,,29.00
1908 SLIDES POLYSOFT,WHITE-BLACK,44,,29.00
1908 SLIDES POLYSOFT,WHITE-BLACK,45,,29.00
1908 SLIDES POLYSOFT,WHITE-BLACK,46,,29.00
1908 SLIDES POLYSOFT,WHITE-BLACK,47,,29.00
1908 SLIDES POLYSOFT,WHITE-MULTICOLOR,35,,29.00
1908 SLIDES POLYSOFT,WHITE-MULTICOLOR,36,,29.00
1908 SLIDES POLYSOFT,WHITE-MULTICOLOR,37,,29.00
1908 SLIDES POLYSOFT,WHITE-MULTICOLOR,38,,29.00
1908 SLIDES POLYSOFT,WHITE-MULTICOLOR,39,,29.00
1908 SLIDES POLYSOFT,WHITE-MULTICOLOR,40,,29.00
1908 SLIDES POLYSOFT,WHITE-MULTICOLOR,41,,29.00
1908 SLIDES POLYSOFT,WHITE-MULTICOLOR,42,,29.00
1908 SLIDES POLYSOFT,WHITE-MULTICOLOR,43,,29.00
1908 SLIDES POLYSOFT,WHITE-MULTICOLOR,44,,29.00
1908 SLIDES POLYSOFT,WHITE-MULTICOLOR,45,,29.00
1908 SLIDES POLYSOFT,WHITE-MULTICOLOR,46,,29.00
1908 SLIDES POLYSOFT,WHITE-MULTICOLOR,47,,29.00
1908 SLIDES POLYSOFT,WHITE-RED,35,,29.00
1908 SLIDES POLYSOFT,WHITE-RED,36,,29.00
1908 SLIDES POLYSOFT,WHITE-RED,37,,29.00
1908 SLIDES POLYSOFT,WHITE-RED,38,,29.00
1908 SLIDES POLYSOFT,WHITE-RED,39,,29.00
1908 SLIDES POLYSOFT,WHITE-RED,40,,29.00
1908 SLIDES POLYSOFT,WHITE-RED,41,,29.00
1908 SLIDES POLYSOFT,WHITE-RED,42,,29.00
1908 SLIDES POLYSOFT,WHITE-RED,43,,29.00
1908 SLIDES POLYSOFT,WHITE-RED,44,,29.00
1908 SLIDES POLYSOFT,WHITE-RED,45,,29.00
1908 SLIDES POLYSOFT,WHITE-RED,46,,29.00
1908 SLIDES POLYSOFT,WHITE-RED,47,,29.00
1908 SLIDES POLYSOFT,AZURE ICE,35,,29.00
1908 SLIDES POLYSOFT,AZURE ICE,36,,29.00
1908 SLIDES POLYSOFT,AZURE ICE,37,,29.00
1908 SLIDES POLYSOFT,AZURE ICE,38,,29.00
1908 SLIDES POLYSOFT,AZURE ICE,39,,29.00
1908 SLIDES POLYSOFT,AZURE ICE,40,,29.00
1908 SLIDES POLYSOFT,AZURE ICE,41,,29.00
1908 SLIDES POLYSOFT,AZURE ICE,42,,29.00
1908 SLIDES POLYSOFT,AZURE ICE,43,,29.00
1908 SLIDES POLYSOFT,AZURE ICE,44,,29.00
1908 SLIDES POLYSOFT,AZURE ICE,45,,29.00
1908 SLIDES POLYSOFT,AZURE ICE,46,,29.00
1908 SLIDES POLYSOFT,AZURE ICE,47,,29.00
1908 SLIDES POLYSOFT,BLACK-WHITE,35,,29.00
1908 SLIDES POLYSOFT,BLACK-WHITE,36,,29.00
1908 SLIDES POLYSOFT,BLACK-WHITE,37,,29.00
1908 SLIDES POLYSOFT,BLACK-WHITE,38,,29.00
1908 SLIDES POLYSOFT,BLACK-WHITE,39,,29.00
1908 SLIDES POLYSOFT,BLACK-WHITE,40,,29.00
1908 SLIDES POLYSOFT,BLACK-WHITE,41,,29.00
1908 SLIDES POLYSOFT,BLACK-WHITE,42,,29.00
1908 SLIDES POLYSOFT,BLACK-WHITE,43,,29.00
1908 SLIDES POLYSOFT,BLACK-WHITE,44,,29.00
1908 SLIDES POLYSOFT,BLACK-WHITE,45,,29.00
1908 SLIDES POLYSOFT,BLACK-WHITE,46,,29.00
1908 SLIDES POLYSOFT,BLACK-WHITE,47,,29.00
1908 SLIDES POLYSOFT,BLUE NAVY-WHITE,35,,29.00
1908 SLIDES POLYSOFT,BLUE NAVY-WHITE,36,,29.00
1908 SLIDES POLYSOFT,BLUE NAVY-WHITE,37,,29.00
1908 SLIDES POLYSOFT,BLUE NAVY-WHITE,38,,29.00
1908 SLIDES POLYSOFT,BLUE NAVY-WHITE,39,,29.00
1908 SLIDES POLYSOFT,BLUE NAVY-WHITE,40,,29.00
1908 SLIDES POLYSOFT,BLUE NAVY-WHITE,41,,29.00
1908 SLIDES POLYSOFT,BLUE NAVY-WHITE,42,,29.00
1908 SLIDES POLYSOFT,BLUE NAVY-WHITE,43,,29.00
1908 SLIDES POLYSOFT,BLUE NAVY-WHITE,44,,29.00
1908 SLIDES POLYSOFT,BLUE NAVY-WHITE,45,,29.00
1908 SLIDES POLYSOFT,BLUE NAVY-WHITE,46,,29.00
1908 SLIDES POLYSOFT,BLUE NAVY-WHITE,47,,29.00
1908 SLIDES POLYSOFT,ORANGE MELON-ORANGE MD,35,,29.00
1908 SLIDES POLYSOFT,ORANGE MELON-ORANGE MD,36,,29.00
1908 SLIDES POLYSOFT,ORANGE MELON-ORANGE MD,37,,29.00
1908 SLIDES POLYSOFT,ORANGE MELON-ORANGE MD,38,,29.00
1908 SLIDES POLYSOFT,ORANGE MELON-ORANGE MD,39,,29.00
1908 SLIDES POLYSOFT,ORANGE MELON-ORANGE MD,40,,29.00
1908 SLIDES POLYSOFT,ORANGE MELON-ORANGE MD,41,,29.00
1908 SLIDES POLYSOFT,ORANGE MELON-ORANGE MD,42,,29.00
1908 SLIDES POLYSOFT,ORANGE MELON-ORANGE MD,43,,29.00
1908 SLIDES POLYSOFT,ORANGE MELON-ORANGE MD,44,,29.00
1908 SLIDES POLYSOFT,ORANGE MELON-ORANGE MD,45,,29.00
1908 SLIDES POLYSOFT,ORANGE MELON-ORANGE MD,46,,29.00
1908 SLIDES POLYSOFT,ORANGE MELON-ORANGE MD,47,,29.00
1908 SLIDES POLYSOFT,PINK PARFAIT,35,,29.00
1908 SLIDES POLYSOFT,PINK PARFAIT,36,,29.00
1908 SLIDES POLYSOFT,PINK PARFAIT,37,,29.00
1908 SLIDES POLYSOFT,PINK PARFAIT,38,,29.00
1908 SLIDES POLYSOFT,PINK PARFAIT,39,,29.00
1908 SLIDES POLYSOFT,PINK PARFAIT,40,,29.00
1908 SLIDES POLYSOFT,PINK PARFAIT,41,,29.00
1908 SLIDES POLYSOFT,PINK PARFAIT,42,,29.00
1908 SLIDES POLYSOFT,PINK PARFAIT,43,,29.00
1908 SLIDES POLYSOFT,PINK PARFAIT,44,,29.00
1908 SLIDES POLYSOFT,PINK PARFAIT,45,,29.00
1908 SLIDES POLYSOFT,PINK PARFAIT,46,,29.00
1908 SLIDES POLYSOFT,PINK PARFAIT,47,,29.00
1908 SLIDES POLYSOFT,PINK SKIN,35,,29.00
1908 SLIDES POLYSOFT,PINK SKIN,36,,29.00
1908 SLIDES POLYSOFT,PINK SKIN,37,,29.00
1908 SLIDES POLYSOFT,PINK SKIN,38,,29.00
1908 SLIDES POLYSOFT,PINK SKIN,39,,29.00
1908 SLIDES POLYSOFT,PINK SKIN,40,,29.00
1908 SLIDES POLYSOFT,PINK SKIN,41,,29.00
1908 SLIDES POLYSOFT,PINK SKIN,42,,29.00
1908 SLIDES POLYSOFT,PINK SKIN,43,,29.00
1908 SLIDES POLYSOFT,PINK SKIN,44,,29.00
1908 SLIDES POLYSOFT,PINK SKIN,45,,29.00
1908 SLIDES POLYSOFT,PINK SKIN,46,,29.00
1908 SLIDES POLYSOFT,PINK SKIN,47,,29.00
1908 SLIDES POLYSOFT,TOTAL BLACK,35,,29.00
1908 SLIDES POLYSOFT,TOTAL BLACK,36,,29.00
1908 SLIDES POLYSOFT,TOTAL BLACK,37,,29.00
1908 SLIDES POLYSOFT,TOTAL BLACK,38,,29.00
1908 SLIDES POLYSOFT,TOTAL BLACK,39,,29.00
1908 SLIDES POLYSOFT,TOTAL BLACK,40,,29.00
1908 SLIDES POLYSOFT,TOTAL BLACK,41,,29.00
1908 SLIDES POLYSOFT,TOTAL BLACK,42,,29.00
1908 SLIDES POLYSOFT,TOTAL BLACK,43,,29.00
1908 SLIDES POLYSOFT,TOTAL BLACK,44,,29.00
1908 SLIDES POLYSOFT,TOTAL BLACK,45,,29.00
1908 SLIDES POLYSOFT,TOTAL BLACK,46,,29.00
1908 SLIDES POLYSOFT,TOTAL BLACK,47,,29.00
1908 SLIDES POLYSOFT,WHITE-BLACK,35,,29.00
1908 SLIDES POLYSOFT,WHITE-BLACK,36,,29.00
1908 SLIDES POLYSOFT,WHITE-BLACK,37,,29.00
1908 SLIDES POLYSOFT,WHITE-BLACK,38,,29.00
1908 SLIDES POLYSOFT,WHITE-BLACK,39,,29.00
1908 SLIDES POLYSOFT,WHITE-BLACK,40,,29.00
1908 SLIDES POLYSOFT,WHITE-BLACK,41,,29.00
1908 SLIDES POLYSOFT,WHITE-BLACK,42,,29.00
1908 SLIDES POLYSOFT,WHITE-BLACK,43,,29.00
1908 SLIDES POLYSOFT,WHITE-BLACK,44,,29.00
1908 SLIDES POLYSOFT,WHITE-BLACK,45,,29.00
1908 SLIDES POLYSOFT,WHITE-BLACK,46,,29.00
1908 SLIDES POLYSOFT,WHITE-BLACK,47,,29.00
1908 SLIDES POLYSOFT,WHITE-MULTICOLOR,35,,29.00
1908 SLIDES POLYSOFT,WHITE-MULTICOLOR,36,,29.00
1908 SLIDES POLYSOFT,WHITE-MULTICOLOR,37,,29.00
1908 SLIDES POLYSOFT,WHITE-MULTICOLOR,38,,29.00
1908 SLIDES POLYSOFT,WHITE-MULTICOLOR,39,,29.00
1908 SLIDES POLYSOFT,WHITE-MULTICOLOR,40,,29.00
1908 SLIDES POLYSOFT,WHITE-MULTICOLOR,41,,29.00
1908 SLIDES POLYSOFT,WHITE-MULTICOLOR,42,,29.00
1908 SLIDES POLYSOFT,WHITE-MULTICOLOR,43,,29.00
1908 SLIDES POLYSOFT,WHITE-MULTICOLOR,44,,29.00
1908 SLIDES POLYSOFT,WHITE-MULTICOLOR,45,,29.00
1908 SLIDES POLYSOFT,WHITE-MULTICOLOR,46,,29.00
1908 SLIDES POLYSOFT,WHITE-MULTICOLOR,47,,29.00
1908 SLIDES POLYSOFT,WHITE-RED,35,,29.00
1908 SLIDES POLYSOFT,WHITE-RED,36,,29.00
1908 SLIDES POLYSOFT,WHITE-RED,37,,29.00
1908 SLIDES POLYSOFT,WHITE-RED,38,,29.00
1908 SLIDES POLYSOFT,WHITE-RED,39,,29.00
1908 SLIDES POLYSOFT,WHITE-RED,40,,29.00
1908 SLIDES POLYSOFT,WHITE-RED,41,,29.00
1908 SLIDES POLYSOFT,WHITE-RED,42,,29.00
1908 SLIDES POLYSOFT,WHITE-RED,43,,29.00
1908 SLIDES POLYSOFT,WHITE-RED,44,,29.00
1908 SLIDES POLYSOFT,WHITE-RED,45,,29.00
1908 SLIDES POLYSOFT,WHITE-RED,46,,29.00
1908 SLIDES POLYSOFT,WHITE-RED,47,,29.00
1908 SLIDES POLYSOFT,AZURE ICE,35,,29.00
1908 SLIDES POLYSOFT,AZURE ICE,36,,29.00
1908 SLIDES POLYSOFT,AZURE ICE,37,,29.00
1908 SLIDES POLYSOFT,AZURE ICE,38,,29.00
1908 SLIDES POLYSOFT,AZURE ICE,39,,29.00
1908 SLIDES POLYSOFT,AZURE ICE,40,,29.00
1908 SLIDES POLYSOFT,AZURE ICE,41,,29.00
1908 SLIDES POLYSOFT,AZURE ICE,42,,29.00
1908 SLIDES POLYSOFT,AZURE ICE,43,,29.00
1908 SLIDES POLYSOFT,AZURE ICE,44,,29.00
1908 SLIDES POLYSOFT,AZURE ICE,45,,29.00
1908 SLIDES POLYSOFT,AZURE ICE,46,,29.00
1908 SLIDES POLYSOFT,AZURE ICE,47,,29.00
1908 SLIDES POLYSOFT,BLACK-WHITE,35,,29.00
1908 SLIDES POLYSOFT,BLACK-WHITE,36,,29.00
1908 SLIDES POLYSOFT,BLACK-WHITE,37,,29.00
1908 SLIDES POLYSOFT,BLACK-WHITE,38,,29.00
1908 SLIDES POLYSOFT,BLACK-WHITE,39,,29.00
1908 SLIDES POLYSOFT,BLACK-WHITE,40,,29.00
1908 SLIDES POLYSOFT,BLACK-WHITE,41,,29.00
1908 SLIDES POLYSOFT,BLACK-WHITE,42,,29.00
1908 SLIDES POLYSOFT,BLACK-WHITE,43,,29.00
1908 SLIDES POLYSOFT,BLACK-WHITE,44,,29.00
1908 SLIDES POLYSOFT,BLACK-WHITE,45,,29.00
1908 SLIDES POLYSOFT,BLACK-WHITE,46,,29.00
1908 SLIDES POLYSOFT,BLACK-WHITE,47,,29.00
1908 SLIDES POLYSOFT,BLUE NAVY-WHITE,35,,29.00
1908 SLIDES POLYSOFT,BLUE NAVY-WHITE,36,,29.00
1908 SLIDES POLYSOFT,BLUE NAVY-WHITE,37,,29.00
1908 SLIDES POLYSOFT,BLUE NAVY-WHITE,38,,29.00
1908 SLIDES POLYSOFT,BLUE NAVY-WHITE,39,,29.00
1908 SLIDES POLYSOFT,BLUE NAVY-WHITE,40,,29.00
1908 SLIDES POLYSOFT,BLUE NAVY-WHITE,41,,29.00
1908 SLIDES POLYSOFT,BLUE NAVY-WHITE,42,,29.00
1908 SLIDES POLYSOFT,BLUE NAVY-WHITE,43,,29.00
1908 SLIDES POLYSOFT,BLUE NAVY-WHITE,44,,29.00
1908 SLIDES POLYSOFT,BLUE NAVY-WHITE,45,,29.00
1908 SLIDES POLYSOFT,BLUE NAVY-WHITE,46,,29.00
1908 SLIDES POLYSOFT,BLUE NAVY-WHITE,47,,29.00
1908 SLIDES POLYSOFT,ORANGE MELON-ORANGE MD,35,,29.00
1908 SLIDES POLYSOFT,ORANGE MELON-ORANGE MD,36,,29.00
1908 SLIDES POLYSOFT,ORANGE MELON-ORANGE MD,37,,29.00
1908 SLIDES POLYSOFT,ORANGE MELON-ORANGE MD,38,,29.00
1908 SLIDES POLYSOFT,ORANGE MELON-ORANGE MD,39,,29.00
1908 SLIDES POLYSOFT,ORANGE MELON-ORANGE MD,40,,29.00
1908 SLIDES POLYSOFT,ORANGE MELON-ORANGE MD,41,,29.00
1908 SLIDES POLYSOFT,ORANGE MELON-ORANGE MD,42,,29.00
1908 SLIDES POLYSOFT,ORANGE MELON-ORANGE MD,43,,29.00
1908 SLIDES POLYSOFT,ORANGE MELON-ORANGE MD,44,,29.00
1908 SLIDES POLYSOFT,ORANGE MELON-ORANGE MD,45,,29.00
1908 SLIDES POLYSOFT,ORANGE MELON-ORANGE MD,46,,29.00
1908 SLIDES POLYSOFT,ORANGE MELON-ORANGE MD,47,,29.00
1908 SLIDES POLYSOFT,PINK PARFAIT,35,,29.00
1908 SLIDES POLYSOFT,PINK PARFAIT,36,,29.00
1908 SLIDES POLYSOFT,PINK PARFAIT,37,,29.00
1908 SLIDES POLYSOFT,PINK PARFAIT,38,,29.00
1908 SLIDES POLYSOFT,PINK PARFAIT,39,,29.00
1908 SLIDES POLYSOFT,PINK PARFAIT,40,,29.00
1908 SLIDES POLYSOFT,PINK PARFAIT,41,,29.00
1908 SLIDES POLYSOFT,PINK PARFAIT,42,,29.00
1908 SLIDES POLYSOFT,PINK PARFAIT,43,,29.00
1908 SLIDES POLYSOFT,PINK PARFAIT,44,,29.00
1908 SLIDES POLYSOFT,PINK PARFAIT,45,,29.00
1908 SLIDES POLYSOFT,PINK PARFAIT,46,,29.00
1908 SLIDES POLYSOFT,PINK PARFAIT,47,,29.00
1908 SLIDES POLYSOFT,PINK SKIN,35,,29.00
1908 SLIDES POLYSOFT,PINK SKIN,36,,29.00
1908 SLIDES POLYSOFT,PINK SKIN,37,,29.00
1908 SLIDES POLYSOFT,PINK SKIN,38,,29.00
1908 SLIDES POLYSOFT,PINK SKIN,39,,29.00
1908 SLIDES POLYSOFT,PINK SKIN,40,,29.00
1908 SLIDES POLYSOFT,PINK SKIN,41,,29.00
1908 SLIDES POLYSOFT,PINK SKIN,42,,29.00
1908 SLIDES POLYSOFT,PINK SKIN,43,,29.00
1908 SLIDES POLYSOFT,PINK SKIN,44,,29.00
1908 SLIDES POLYSOFT,PINK SKIN,45,,29.00
1908 SLIDES POLYSOFT,PINK SKIN,46,,29.00
1908 SLIDES POLYSOFT,PINK SKIN,47,,29.00
1908 SLIDES POLYSOFT,TOTAL BLACK,35,,29.00
1908 SLIDES POLYSOFT,TOTAL BLACK,36,,29.00
1908 SLIDES POLYSOFT,TOTAL BLACK,37,,29.00
1908 SLIDES POLYSOFT,TOTAL BLACK,38,,29.00
1908 SLIDES POLYSOFT,TOTAL BLACK,39,,29.00
1908 SLIDES POLYSOFT,TOTAL BLACK,40,,29.00
1908 SLIDES POLYSOFT,TOTAL BLACK,41,,29.00
1908 SLIDES POLYSOFT,TOTAL BLACK,42,,29.00
1908 SLIDES POLYSOFT,TOTAL BLACK,43,,29.00
1908 SLIDES POLYSOFT,TOTAL BLACK,44,,29.00
1908 SLIDES POLYSOFT,TOTAL BLACK,45,,29.00
1908 SLIDES POLYSOFT,TOTAL BLACK,46,,29.00
1908 SLIDES POLYSOFT,TOTAL BLACK,47,,29.00
1908 SLIDES POLYSOFT,WHITE-BLACK,35,,29.00
1908 SLIDES POLYSOFT,WHITE-BLACK,36,,29.00
1908 SLIDES POLYSOFT,WHITE-BLACK,37,,29.00
1908 SLIDES POLYSOFT,WHITE-BLACK,38,,29.00
1908 SLIDES POLYSOFT,WHITE-BLACK,39,,29.00
1908 SLIDES POLYSOFT,WHITE-BLACK,40,,29.00
1908 SLIDES POLYSOFT,WHITE-BLACK,41,,29.00
1908 SLIDES POLYSOFT,WHITE-BLACK,42,,29.00
1908 SLIDES POLYSOFT,WHITE-BLACK,43,,29.00
1908 SLIDES POLYSOFT,WHITE-BLACK,44,,29.00
1908 SLIDES POLYSOFT,WHITE-BLACK,45,,29.00
1908 SLIDES POLYSOFT,WHITE-BLACK,46,,29.00
1908 SLIDES POLYSOFT,WHITE-BLACK,47,,29.00
1908 SLIDES POLYSOFT,WHITE-MULTICOLOR,35,,29.00
1908 SLIDES POLYSOFT,WHITE-MULTICOLOR,36,,29.00
1908 SLIDES POLYSOFT,WHITE-MULTICOLOR,37,,29.00
1908 SLIDES POLYSOFT,WHITE-MULTICOLOR,38,,29.00
1908 SLIDES POLYSOFT,WHITE-MULTICOLOR,39,,29.00
1908 SLIDES POLYSOFT,WHITE-MULTICOLOR,40,,29.00
1908 SLIDES POLYSOFT,WHITE-MULTICOLOR,41,,29.00
1908 SLIDES POLYSOFT,WHITE-MULTICOLOR,42,,29.00
1908 SLIDES POLYSOFT,WHITE-MULTICOLOR,43,,29.00
1908 SLIDES POLYSOFT,WHITE-MULTICOLOR,44,,29.00
1908 SLIDES POLYSOFT,WHITE-MULTICOLOR,45,,29.00
1908 SLIDES POLYSOFT,WHITE-MULTICOLOR,46,,29.00
1908 SLIDES POLYSOFT,WHITE-MULTICOLOR,47,,29.00
1908 SLIDES POLYSOFT,WHITE-RED,35,,29.00
1908 SLIDES POLYSOFT,WHITE-RED,36,,29.00
1908 SLIDES POLYSOFT,WHITE-RED,37,,29.00
1908 SLIDES POLYSOFT,WHITE-RED,38,,29.00
1908 SLIDES POLYSOFT,WHITE-RED,39,,29.00
1908 SLIDES POLYSOFT,WHITE-RED,40,,29.00
1908 SLIDES POLYSOFT,WHITE-RED,41,,29.00
1908 SLIDES POLYSOFT,WHITE-RED,42,,29.00
1908 SLIDES POLYSOFT,WHITE-RED,43,,29.00
1908 SLIDES POLYSOFT,WHITE-RED,44,,29.00
1908 SLIDES POLYSOFT,WHITE-RED,45,,29.00
1908 SLIDES POLYSOFT,WHITE-RED,46,,29.00
1908 SLIDES POLYSOFT,WHITE-RED,47,,29.00
1908 SLIDES POLYSOFT,AZURE ICE,35,,29.00
1908 SLIDES POLYSOFT,AZURE ICE,36,,29.00
1908 SLIDES POLYSOFT,AZURE ICE,37,,29.00
1908 SLIDES POLYSOFT,AZURE ICE,38,,29.00
1908 SLIDES POLYSOFT,AZURE ICE,39,,29.00
1908 SLIDES POLYSOFT,AZURE ICE,40,,29.00
1908 SLIDES POLYSOFT,AZURE ICE,41,,29.00
1908 SLIDES POLYSOFT,AZURE ICE,42,,29.00
1908 SLIDES POLYSOFT,AZURE ICE,43,,29.00
1908 SLIDES POLYSOFT,AZURE ICE,44,,29.00
1908 SLIDES POLYSOFT,AZURE ICE,45,,29.00
1908 SLIDES POLYSOFT,AZURE ICE,46,,29.00
1908 SLIDES POLYSOFT,BLACK-WHITE,35,,29.00
1908 SLIDES POLYSOFT,BLACK-WHITE,36,,29.00
1908 SLIDES POLYSOFT,BLACK-WHITE,37,,29.00
1908 SLIDES POLYSOFT,BLACK-WHITE,38,,29.00
1908 SLIDES POLYSOFT,BLACK-WHITE,39,,29.00
1908 SLIDES POLYSOFT,BLACK-WHITE,40,,29.00
1908 SLIDES POLYSOFT,BLACK-WHITE,41,,29.00
1908 SLIDES POLYSOFT,BLACK-WHITE,42,,29.00
1908 SLIDES POLYSOFT,BLACK-WHITE,43,,29.00
1908 SLIDES POLYSOFT,BLACK-WHITE,44,,29.00
1908 SLIDES POLYSOFT,BLACK-WHITE,45,,29.00
1908 SLIDES POLYSOFT,BLACK-WHITE,46,,29.00
1908 SLIDES POLYSOFT,BLUE NAVY-WHITE,35,,29.00
1908 SLIDES POLYSOFT,BLUE NAVY-WHITE,36,,29.00
1908 SLIDES POLYSOFT,BLUE NAVY-WHITE,37,,29.00
1908 SLIDES POLYSOFT,BLUE NAVY-WHITE,38,,29.00
1908 SLIDES POLYSOFT,BLUE NAVY-WHITE,39,,29.00
1908 SLIDES POLYSOFT,BLUE NAVY-WHITE,40,,29.00
1908 SLIDES POLYSOFT,BLUE NAVY-WHITE,41,,29.00
1908 SLIDES POLYSOFT,BLUE NAVY-WHITE,42,,29.00
1908 SLIDES POLYSOFT,BLUE NAVY-WHITE,43,,29.00
1908 SLIDES POLYSOFT,BLUE NAVY-WHITE,44,,29.00
1908 SLIDES POLYSOFT,BLUE NAVY-WHITE,45,,29.00
1908 SLIDES POLYSOFT,BLUE NAVY-WHITE,46,,29.00
1908 SLIDES POLYSOFT,ORANGE MELON-ORANGE MD,35,,29.00
1908 SLIDES POLYSOFT,ORANGE MELON-ORANGE MD,36,,29.00
1908 SLIDES POLYSOFT,ORANGE MELON-ORANGE MD,37,,29.00
1908 SLIDES POLYSOFT,ORANGE MELON-ORANGE MD,38,,29.00
1908 SLIDES POLYSOFT,ORANGE MELON-ORANGE MD,39,,29.00
1908 SLIDES POLYSOFT,ORANGE MELON-ORANGE MD,40,,29.00
1908 SLIDES POLYSOFT,ORANGE MELON-ORANGE MD,41,,29.00
1908 SLIDES POLYSOFT,ORANGE MELON-ORANGE MD,42,,29.00
1908 SLIDES POLYSOFT,ORANGE MELON-ORANGE MD,43,,29.00
1908 SLIDES POLYSOFT,ORANGE MELON-ORANGE MD,44,,29.00
1908 SLIDES POLYSOFT,ORANGE MELON-ORANGE MD,45,,29.00
1908 SLIDES POLYSOFT,ORANGE MELON-ORANGE MD,46,,29.00
1908 SLIDES POLYSOFT,PINK PARFAIT,35,,29.00
1908 SLIDES POLYSOFT,PINK PARFAIT,36,,29.00
1908 SLIDES POLYSOFT,PINK PARFAIT,37,,29.00
1908 SLIDES POLYSOFT,PINK PARFAIT,38,,29.00
1908 SLIDES POLYSOFT,PINK PARFAIT,39,,29.00
1908 SLIDES POLYSOFT,PINK PARFAIT,40,,29.00
1908 SLIDES POLYSOFT,PINK PARFAIT,41,,29.00
1908 SLIDES POLYSOFT,PINK PARFAIT,42,,29.00
1908 SLIDES POLYSOFT,PINK PARFAIT,43,,29.00
1908 SLIDES POLYSOFT,PINK PARFAIT,44,,29.00
1908 SLIDES POLYSOFT,PINK PARFAIT,45,,29.00
1908 SLIDES POLYSOFT,PINK PARFAIT,46,,29.00
1908 SLIDES POLYSOFT,PINK SKIN,35,,29.00
1908 SLIDES POLYSOFT,PINK SKIN,36,,29.00
1908 SLIDES POLYSOFT,PINK SKIN,37,,29.00
1908 SLIDES POLYSOFT,PINK SKIN,38,,29.00
1908 SLIDES POLYSOFT,PINK SKIN,39,,29.00
1908 SLIDES POLYSOFT,PINK SKIN,40,,29.00
1908 SLIDES POLYSOFT,PINK SKIN,41,,29.00
1908 SLIDES POLYSOFT,PINK SKIN,42,,29.00
1908 SLIDES POLYSOFT,PINK SKIN,43,,29.00
1908 SLIDES POLYSOFT,PINK SKIN,44,,29.00
1908 SLIDES POLYSOFT,PINK SKIN,45,,29.00
1908 SLIDES POLYSOFT,PINK SKIN,46,,29.00
1908 SLIDES POLYSOFT,TOTAL BLACK,35,,29.00
1908 SLIDES POLYSOFT,TOTAL BLACK,36,,29.00
1908 SLIDES POLYSOFT,TOTAL BLACK,37,,29.00
1908 SLIDES POLYSOFT,TOTAL BLACK,38,,29.00
1908 SLIDES POLYSOFT,TOTAL BLACK,39,,29.00
1908 SLIDES POLYSOFT,TOTAL BLACK,40,,29.00
1908 SLIDES POLYSOFT,TOTAL BLACK,41,,29.00
1908 SLIDES POLYSOFT,TOTAL BLACK,42,,29.00
1908 SLIDES POLYSOFT,TOTAL BLACK,43,,29.00
1908 SLIDES POLYSOFT,TOTAL BLACK,44,,29.00
1908 SLIDES POLYSOFT,TOTAL BLACK,45,,29.00
1908 SLIDES POLYSOFT,TOTAL BLACK,46,,29.00
1908 SLIDES POLYSOFT,WHITE-BLACK,35,,29.00
1908 SLIDES POLYSOFT,WHITE-BLACK,36,,29.00
1908 SLIDES POLYSOFT,WHITE-BLACK,37,,29.00
1908 SLIDES POLYSOFT,WHITE-BLACK,38,,29.00
1908 SLIDES POLYSOFT,WHITE-BLACK,39,,29.00
1908 SLIDES POLYSOFT,WHITE-BLACK,40,,29.00
1908 SLIDES POLYSOFT,WHITE-BLACK,41,,29.00
1908 SLIDES POLYSOFT,WHITE-BLACK,42,,29.00
1908 SLIDES POLYSOFT,WHITE-BLACK,43,,29.00
1908 SLIDES POLYSOFT,WHITE-BLACK,44,,29.00
1908 SLIDES POLYSOFT,WHITE-BLACK,45,,29.00
1908 SLIDES POLYSOFT,WHITE-BLACK,46,,29.00
1908 SLIDES POLYSOFT,WHITE-MULTICOLOR,35,,29.00
1908 SLIDES POLYSOFT,WHITE-MULTICOLOR,36,,29.00
1908 SLIDES POLYSOFT,WHITE-MULTICOLOR,37,,29.00
1908 SLIDES POLYSOFT,WHITE-MULTICOLOR,38,,29.00
1908 SLIDES POLYSOFT,WHITE-MULTICOLOR,39,,29.00
1908 SLIDES POLYSOFT,WHITE-MULTICOLOR,40,,29.00
1908 SLIDES POLYSOFT,WHITE-MULTICOLOR,41,,29.00
1908 SLIDES POLYSOFT,WHITE-MULTICOLOR,42,,29.00
1908 SLIDES POLYSOFT,WHITE-MULTICOLOR,43,,29.00
1908 SLIDES POLYSOFT,WHITE-MULTICOLOR,44,,29.00
1908 SLIDES POLYSOFT,WHITE-MULTICOLOR,45,,29.00
1908 SLIDES POLYSOFT,WHITE-MULTICOLOR,46,,29.00
1908 SLIDES POLYSOFT,WHITE-RED,35,,29.00
1908 SLIDES POLYSOFT,WHITE-RED,36,,29.00
1908 SLIDES POLYSOFT,WHITE-RED,37,,29.00
1908 SLIDES POLYSOFT,WHITE-RED,38,,29.00
1908 SLIDES POLYSOFT,WHITE-RED,39,,29.00
1908 SLIDES POLYSOFT,WHITE-RED,40,,29.00
1908 SLIDES POLYSOFT,WHITE-RED,41,,29.00
1908 SLIDES POLYSOFT,WHITE-RED,42,,29.00
1908 SLIDES POLYSOFT,WHITE-RED,43,,29.00
1908 SLIDES POLYSOFT,WHITE-RED,44,,29.00
1908 SLIDES POLYSOFT,WHITE-RED,45,,29.00
1908 SLIDES POLYSOFT,WHITE-RED,46,,29.00
1908 SLIDES POLYSOFT,AZURE ICE,35,,29.00
1908 SLIDES POLYSOFT,AZURE ICE,36,,29.00
1908 SLIDES POLYSOFT,AZURE ICE,37,,29.00
1908 SLIDES POLYSOFT,AZURE ICE,38,,29.00
1908 SLIDES POLYSOFT,AZURE ICE,39,,29.00
1908 SLIDES POLYSOFT,AZURE ICE,40,,29.00
1908 SLIDES POLYSOFT,AZURE ICE,41,,29.00
1908 SLIDES POLYSOFT,AZURE ICE,42,,29.00
1908 SLIDES POLYSOFT,AZURE ICE,43,,29.00
1908 SLIDES POLYSOFT,AZURE ICE,44,,29.00
1908 SLIDES POLYSOFT,AZURE ICE,45,,29.00
1908 SLIDES POLYSOFT,AZURE ICE,46,,29.00
1908 SLIDES POLYSOFT,BLACK-WHITE,35,,29.00
1908 SLIDES POLYSOFT,BLACK-WHITE,36,,29.00
1908 SLIDES POLYSOFT,BLACK-WHITE,37,,29.00
1908 SLIDES POLYSOFT,BLACK-WHITE,38,,29.00
1908 SLIDES POLYSOFT,BLACK-WHITE,39,,29.00
1908 SLIDES POLYSOFT,BLACK-WHITE,40,,29.00
1908 SLIDES POLYSOFT,BLACK-WHITE,41,,29.00
1908 SLIDES POLYSOFT,BLACK-WHITE,42,,29.00
1908 SLIDES POLYSOFT,BLACK-WHITE,43,,29.00
1908 SLIDES POLYSOFT,BLACK-WHITE,44,,29.00
1908 SLIDES POLYSOFT,BLACK-WHITE,45,,29.00
1908 SLIDES POLYSOFT,BLACK-WHITE,46,,29.00
1908 SLIDES POLYSOFT,BLUE NAVY-WHITE,35,,29.00
1908 SLIDES POLYSOFT,BLUE NAVY-WHITE,36,,29.00
1908 SLIDES POLYSOFT,BLUE NAVY-WHITE,37,,29.00
1908 SLIDES POLYSOFT,BLUE NAVY-WHITE,38,,29.00
1908 SLIDES POLYSOFT,BLUE NAVY-WHITE,39,,29.00
1908 SLIDES POLYSOFT,BLUE NAVY-WHITE,40,,29.00
1908 SLIDES POLYSOFT,BLUE NAVY-WHITE,41,,29.00
1908 SLIDES POLYSOFT,BLUE NAVY-WHITE,42,,29.00
1908 SLIDES POLYSOFT,BLUE NAVY-WHITE,43,,29.00
1908 SLIDES POLYSOFT,BLUE NAVY-WHITE,44,,29.00
1908 SLIDES POLYSOFT,BLUE NAVY-WHITE,45,,29.00
1908 SLIDES POLYSOFT,BLUE NAVY-WHITE,46,,29.00
1908 SLIDES POLYSOFT,ORANGE MELON-ORANGE MD,35,,29.00
1908 SLIDES POLYSOFT,ORANGE MELON-ORANGE MD,36,,29.00
1908 SLIDES POLYSOFT,ORANGE MELON-ORANGE MD,37,,29.00
1908 SLIDES POLYSOFT,ORANGE MELON-ORANGE MD,38,,29.00
1908 SLIDES POLYSOFT,ORANGE MELON-ORANGE MD,39,,29.00
1908 SLIDES POLYSOFT,ORANGE MELON-ORANGE MD,40,,29.00
1908 SLIDES POLYSOFT,ORANGE MELON-ORANGE MD,41,,29.00
1908 SLIDES POLYSOFT,ORANGE MELON-ORANGE MD,42,,29.00
1908 SLIDES POLYSOFT,ORANGE MELON-ORANGE MD,43,,29.00
1908 SLIDES POLYSOFT,ORANGE MELON-ORANGE MD,44,,29.00
1908 SLIDES POLYSOFT,ORANGE MELON-ORANGE MD,45,,29.00
1908 SLIDES POLYSOFT,ORANGE MELON-ORANGE MD,46,,29.00
1908 SLIDES POLYSOFT,PINK PARFAIT,35,,29.00
1908 SLIDES POLYSOFT,PINK PARFAIT,36,,29.00
1908 SLIDES POLYSOFT,PINK PARFAIT,37,,29.00
1908 SLIDES POLYSOFT,PINK PARFAIT,38,,29.00
1908 SLIDES POLYSOFT,PINK PARFAIT,39,,29.00
1908 SLIDES POLYSOFT,PINK PARFAIT,40,,29.00
1908 SLIDES POLYSOFT,PINK PARFAIT,41,,29.00
1908 SLIDES POLYSOFT,PINK PARFAIT,42,,29.00
1908 SLIDES POLYSOFT,PINK PARFAIT,43,,29.00
1908 SLIDES POLYSOFT,PINK PARFAIT,44,,29.00
1908 SLIDES POLYSOFT,PINK PARFAIT,45,,29.00
1908 SLIDES POLYSOFT,PINK PARFAIT,46,,29.00
1908 SLIDES POLYSOFT,PINK SKIN,35,,29.00
1908 SLIDES POLYSOFT,PINK SKIN,36,,29.00
1908 SLIDES POLYSOFT,PINK SKIN,37,,29.00
1908 SLIDES POLYSOFT,PINK SKIN,38,,29.00
1908 SLIDES POLYSOFT,PINK SKIN,39,,29.00
1908 SLIDES POLYSOFT,PINK SKIN,40,,29.00
1908 SLIDES POLYSOFT,PINK SKIN,41,,29.00
1908 SLIDES POLYSOFT,PINK SKIN,42,,29.00
1908 SLIDES POLYSOFT,PINK SKIN,43,,29.00
1908 SLIDES POLYSOFT,PINK SKIN,44,,29.00
1908 SLIDES POLYSOFT,PINK SKIN,45,,29.00
1908 SLIDES POLYSOFT,PINK SKIN,46,,29.00
1908 SLIDES POLYSOFT,TOTAL BLACK,35,,29.00
1908 SLIDES POLYSOFT,TOTAL BLACK,36,,29.00
1908 SLIDES POLYSOFT,TOTAL BLACK,37,,29.00
1908 SLIDES POLYSOFT,TOTAL BLACK,38,,29.00
1908 SLIDES POLYSOFT,TOTAL BLACK,39,,29.00
1908 SLIDES POLYSOFT,TOTAL BLACK,40,,29.00
1908 SLIDES POLYSOFT,TOTAL BLACK,41,,29.00
1908 SLIDES POLYSOFT,TOTAL BLACK,42,,29.00
1908 SLIDES POLYSOFT,TOTAL BLACK,43,,29.00
1908 SLIDES POLYSOFT,TOTAL BLACK,44,,29.00
1908 SLIDES POLYSOFT,TOTAL BLACK,45,,29.00
1908 SLIDES POLYSOFT,TOTAL BLACK,46,,29.00
1908 SLIDES POLYSOFT,WHITE-BLACK,35,,29.00
1908 SLIDES POLYSOFT,WHITE-BLACK,36,,29.00
1908 SLIDES POLYSOFT,WHITE-BLACK,37,,29.00
1908 SLIDES POLYSOFT,WHITE-BLACK,38,,29.00
1908 SLIDES POLYSOFT,WHITE-BLACK,39,,29.00
1908 SLIDES POLYSOFT,WHITE-BLACK,40,,29.00
1908 SLIDES POLYSOFT,WHITE-BLACK,41,,29.00
1908 SLIDES POLYSOFT,WHITE-BLACK,42,,29.00
1908 SLIDES POLYSOFT,WHITE-BLACK,43,,29.00
1908 SLIDES POLYSOFT,WHITE-BLACK,44,,29.00
1908 SLIDES POLYSOFT,WHITE-BLACK,45,,29.00
1908 SLIDES POLYSOFT,WHITE-BLACK,46,,29.00
1908 SLIDES POLYSOFT,WHITE-MULTICOLOR,35,,29.00
1908 SLIDES POLYSOFT,WHITE-MULTICOLOR,36,,29.00
1908 SLIDES POLYSOFT,WHITE-MULTICOLOR,37,,29.00
1908 SLIDES POLYSOFT,WHITE-MULTICOLOR,38,,29.00
1908 SLIDES POLYSOFT,WHITE-MULTICOLOR,39,,29.00
1908 SLIDES POLYSOFT,WHITE-MULTICOLOR,40,,29.00
1908 SLIDES POLYSOFT,WHITE-MULTICOLOR,41,,29.00
1908 SLIDES POLYSOFT,WHITE-MULTICOLOR,42,,29.00
1908 SLIDES POLYSOFT,WHITE-MULTICOLOR,43,,29.00
1908 SLIDES POLYSOFT,WHITE-MULTICOLOR,44,,29.00
1908 SLIDES POLYSOFT,WHITE-MULTICOLOR,45,,29.00
1908 SLIDES POLYSOFT,WHITE-MULTICOLOR,46,,29.00
1908 SLIDES POLYSOFT,WHITE-RED,35,,29.00
1908 SLIDES POLYSOFT,WHITE-RED,36,,29.00
1908 SLIDES POLYSOFT,WHITE-RED,37,,29.00
1908 SLIDES POLYSOFT,WHITE-RED,38,,29.00
1908 SLIDES POLYSOFT,WHITE-RED,39,,29.00
1908 SLIDES POLYSOFT,WHITE-RED,40,,29.00
1908 SLIDES POLYSOFT,WHITE-RED,41,,29.00
1908 SLIDES POLYSOFT,WHITE-RED,42,,29.00
1908 SLIDES POLYSOFT,WHITE-RED,43,,29.00
1908 SLIDES POLYSOFT,WHITE-RED,44,,29.00
1908 SLIDES POLYSOFT,WHITE-RED,45,,29.00
1908 SLIDES POLYSOFT,WHITE-RED,46,,29.00
1908 SLIDES POLYSOFT,AZURE ICE,35,,29.00
1908 SLIDES POLYSOFT,AZURE ICE,36,,29.00
1908 SLIDES POLYSOFT,AZURE ICE,37,,29.00
1908 SLIDES POLYSOFT,AZURE ICE,38,,29.00
1908 SLIDES POLYSOFT,AZURE ICE,39,,29.00
1908 SLIDES POLYSOFT,AZURE ICE,40,,29.00
1908 SLIDES POLYSOFT,AZURE ICE,41,,29.00
1908 SLIDES POLYSOFT,AZURE ICE,42,,29.00
1908 SLIDES POLYSOFT,AZURE ICE,43,,29.00
1908 SLIDES POLYSOFT,AZURE ICE,44,,29.00
1908 SLIDES POLYSOFT,AZURE ICE,45,,29.00
1908 SLIDES POLYSOFT,AZURE ICE,46,,29.00
1908 SLIDES POLYSOFT,BLACK-WHITE,35,,29.00
1908 SLIDES POLYSOFT,BLACK-WHITE,36,,29.00
1908 SLIDES POLYSOFT,BLACK-WHITE,37,,29.00
1908 SLIDES POLYSOFT,BLACK-WHITE,38,,29.00
1908 SLIDES POLYSOFT,BLACK-WHITE,39,,29.00
1908 SLIDES POLYSOFT,BLACK-WHITE,40,,29.00
1908 SLIDES POLYSOFT,BLACK-WHITE,41,,29.00
1908 SLIDES POLYSOFT,BLACK-WHITE,42,,29.00
1908 SLIDES POLYSOFT,BLACK-WHITE,43,,29.00
1908 SLIDES POLYSOFT,BLACK-WHITE,44,,29.00
1908 SLIDES POLYSOFT,BLACK-WHITE,45,,29.00
1908 SLIDES POLYSOFT,BLACK-WHITE,46,,29.00
1908 SLIDES POLYSOFT,BLUE NAVY-WHITE,35,,29.00
1908 SLIDES POLYSOFT,BLUE NAVY-WHITE,36,,29.00
1908 SLIDES POLYSOFT,BLUE NAVY-WHITE,37,,29.00
1908 SLIDES POLYSOFT,BLUE NAVY-WHITE,38,,29.00
1908 SLIDES POLYSOFT,BLUE NAVY-WHITE,39,,29.00
1908 SLIDES POLYSOFT,BLUE NAVY-WHITE,40,,29.00
1908 SLIDES POLYSOFT,BLUE NAVY-WHITE,41,,29.00
1908 SLIDES POLYSOFT,BLUE NAVY-WHITE,42,,29.00
1908 SLIDES POLYSOFT,BLUE NAVY-WHITE,43,,29.00
1908 SLIDES POLYSOFT,BLUE NAVY-WHITE,44,,29.00
1908 SLIDES POLYSOFT,BLUE NAVY-WHITE,45,,29.00
1908 SLIDES POLYSOFT,BLUE NAVY-WHITE,46,,29.00
1908 SLIDES POLYSOFT,ORANGE MELON-ORANGE MD,35,,29.00
1908 SLIDES POLYSOFT,ORANGE MELON-ORANGE MD,36,,29.00
1908 SLIDES POLYSOFT,ORANGE MELON-ORANGE MD,37,,29.00
1908 SLIDES POLYSOFT,ORANGE MELON-ORANGE MD,38,,29.00
1908 SLIDES POLYSOFT,ORANGE MELON-ORANGE MD,39,,29.00
1908 SLIDES POLYSOFT,ORANGE MELON-ORANGE MD,40,,29.00
1908 SLIDES POLYSOFT,ORANGE MELON-ORANGE MD,41,,29.00
1908 SLIDES POLYSOFT,ORANGE MELON-ORANGE MD,42,,29.00
1908 SLIDES POLYSOFT,ORANGE MELON-ORANGE MD,43,,29.00
1908 SLIDES POLYSOFT,ORANGE MELON-ORANGE MD,44,,29.00
1908 SLIDES POLYSOFT,ORANGE MELON-ORANGE MD,45,,29.00
1908 SLIDES POLYSOFT,ORANGE MELON-ORANGE MD,46,,29.00
1908 SLIDES POLYSOFT,PINK PARFAIT,35,,29.00
1908 SLIDES POLYSOFT,PINK PARFAIT,36,,29.00
1908 SLIDES POLYSOFT,PINK PARFAIT,37,,29.00
1908 SLIDES POLYSOFT,PINK PARFAIT,38,,29.00
1908 SLIDES POLYSOFT,PINK PARFAIT,39,,29.00
1908 SLIDES POLYSOFT,PINK PARFAIT,40,,29.00
1908 SLIDES POLYSOFT,PINK PARFAIT,41,,29.00
1908 SLIDES POLYSOFT,PINK PARFAIT,42,,29.00
1908 SLIDES POLYSOFT,PINK PARFAIT,43,,29.00
1908 SLIDES POLYSOFT,PINK PARFAIT,44,,29.00
1908 SLIDES POLYSOFT,PINK PARFAIT,45,,29.00
1908 SLIDES POLYSOFT,PINK PARFAIT,46,,29.00
1908 SLIDES POLYSOFT,PINK SKIN,35,,29.00
1908 SLIDES POLYSOFT,PINK SKIN,36,,29.00
1908 SLIDES POLYSOFT,PINK SKIN,37,,29.00
1908 SLIDES POLYSOFT,PINK SKIN,38,,29.00
1908 SLIDES POLYSOFT,PINK SKIN,39,,29.00
1908 SLIDES POLYSOFT,PINK SKIN,40,,29.00
1908 SLIDES POLYSOFT,PINK SKIN,41,,29.00
1908 SLIDES POLYSOFT,PINK SKIN,42,,29.00
1908 SLIDES POLYSOFT,PINK SKIN,43,,29.00
1908 SLIDES POLYSOFT,PINK SKIN,44,,29.00
1908 SLIDES POLYSOFT,PINK SKIN,45,,29.00
1908 SLIDES POLYSOFT,PINK SKIN,46,,29.00
1908 SLIDES POLYSOFT,TOTAL BLACK,35,,29.00
1908 SLIDES POLYSOFT,TOTAL BLACK,36,,29.00
1908 SLIDES POLYSOFT,TOTAL BLACK,37,,29.00
1908 SLIDES POLYSOFT,TOTAL BLACK,38,,29.00
1908 SLIDES POLYSOFT,TOTAL BLACK,39,,29.00
1908 SLIDES POLYSOFT,TOTAL BLACK,40,,29.00
1908 SLIDES POLYSOFT,TOTAL BLACK,41,,29.00
1908 SLIDES POLYSOFT,TOTAL BLACK,42,,29.00
1908 SLIDES POLYSOFT,TOTAL BLACK,43,,29.00
1908 SLIDES POLYSOFT,TOTAL BLACK,44,,29.00
1908 SLIDES POLYSOFT,TOTAL BLACK,45,,29.00
1908 SLIDES POLYSOFT,TOTAL BLACK,46,,29.00
1908 SLIDES POLYSOFT,WHITE-BLACK,35,,29.00
1908 SLIDES POLYSOFT,WHITE-BLACK,36,,29.00
1908 SLIDES POLYSOFT,WHITE-BLACK,37,,29.00
1908 SLIDES POLYSOFT,WHITE-BLACK,38,,29.00
1908 SLIDES POLYSOFT,WHITE-BLACK,39,,29.00
1908 SLIDES POLYSOFT,WHITE-BLACK,40,,29.00
1908 SLIDES POLYSOFT,WHITE-BLACK,41,,29.00
1908 SLIDES POLYSOFT,WHITE-BLACK,42,,29.00
1908 SLIDES POLYSOFT,WHITE-BLACK,43,,29.00
1908 SLIDES POLYSOFT,WHITE-BLACK,44,,29.00
1908 SLIDES POLYSOFT,WHITE-BLACK,45,,29.00
1908 SLIDES POLYSOFT,WHITE-BLACK,46,,29.00
1908 SLIDES POLYSOFT,WHITE-MULTICOLOR,35,,29.00
1908 SLIDES POLYSOFT,WHITE-MULTICOLOR,36,,29.00
1908 SLIDES POLYSOFT,WHITE-MULTICOLOR,37,,29.00
1908 SLIDES POLYSOFT,WHITE-MULTICOLOR,38,,29.00
1908 SLIDES POLYSOFT,WHITE-MULTICOLOR,39,,29.00
1908 SLIDES POLYSOFT,WHITE-MULTICOLOR,40,,29.00
1908 SLIDES POLYSOFT,WHITE-MULTICOLOR,41,,29.00
1908 SLIDES POLYSOFT,WHITE-MULTICOLOR,42,,29.00
1908 SLIDES POLYSOFT,WHITE-MULTICOLOR,43,,29.00
1908 SLIDES POLYSOFT,WHITE-MULTICOLOR,44,,29.00
1908 SLIDES POLYSOFT,WHITE-MULTICOLOR,45,,29.00
1908 SLIDES POLYSOFT,WHITE-MULTICOLOR,46,,29.00
1908 SLIDES POLYSOFT,WHITE-RED,35,,29.00
1908 SLIDES POLYSOFT,WHITE-RED,36,,29.00
1908 SLIDES POLYSOFT,WHITE-RED,37,,29.00
1908 SLIDES POLYSOFT,WHITE-RED,38,,29.00
1908 SLIDES POLYSOFT,WHITE-RED,39,,29.00
1908 SLIDES POLYSOFT,WHITE-RED,40,,29.00
1908 SLIDES POLYSOFT,WHITE-RED,41,,29.00
1908 SLIDES POLYSOFT,WHITE-RED,42,,29.00
1908 SLIDES POLYSOFT,WHITE-RED,43,,29.00
1908 SLIDES POLYSOFT,WHITE-RED,44,,29.00
1908 SLIDES POLYSOFT,WHITE-RED,45,,29.00
1908 SLIDES POLYSOFT,WHITE-RED,46,,29.00
1908 SLIDES POLYSOFT,AZURE ICE,35,,29.00
1908 SLIDES POLYSOFT,AZURE ICE,36,,29.00
1908 SLIDES POLYSOFT,AZURE ICE,37,,29.00
1908 SLIDES POLYSOFT,AZURE ICE,38,,29.00
1908 SLIDES POLYSOFT,AZURE ICE,39,,29.00
1908 SLIDES POLYSOFT,AZURE ICE,40,,29.00
1908 SLIDES POLYSOFT,AZURE ICE,41,,29.00
1908 SLIDES POLYSOFT,AZURE ICE,42,,29.00
1908 SLIDES POLYSOFT,AZURE ICE,43,,29.00
1908 SLIDES POLYSOFT,AZURE ICE,44,,29.00
1908 SLIDES POLYSOFT,AZURE ICE,45,,29.00
1908 SLIDES POLYSOFT,AZURE ICE,46,,29.00
1908 SLIDES POLYSOFT,BLACK-WHITE,35,,29.00
1908 SLIDES POLYSOFT,BLACK-WHITE,36,,29.00
1908 SLIDES POLYSOFT,BLACK-WHITE,37,,29.00
1908 SLIDES POLYSOFT,BLACK-WHITE,38,,29.00
1908 SLIDES POLYSOFT,BLACK-WHITE,39,,29.00
1908 SLIDES POLYSOFT,BLACK-WHITE,40,,29.00
1908 SLIDES POLYSOFT,BLACK-WHITE,41,,29.00
1908 SLIDES POLYSOFT,BLACK-WHITE,42,,29.00
1908 SLIDES POLYSOFT,BLACK-WHITE,43,,29.00
1908 SLIDES POLYSOFT,BLACK-WHITE,44,,29.00
1908 SLIDES POLYSOFT,BLACK-WHITE,45,,29.00
1908 SLIDES POLYSOFT,BLACK-WHITE,46,,29.00
1908 SLIDES POLYSOFT,BLUE NAVY-WHITE,35,,29.00
1908 SLIDES POLYSOFT,BLUE NAVY-WHITE,36,,29.00
1908 SLIDES POLYSOFT,BLUE NAVY-WHITE,37,,29.00
1908 SLIDES POLYSOFT,BLUE NAVY-WHITE,38,,29.00
1908 SLIDES POLYSOFT,BLUE NAVY-WHITE,39,,29.00
1908 SLIDES POLYSOFT,BLUE NAVY-WHITE,40,,29.00
1908 SLIDES POLYSOFT,BLUE NAVY-WHITE,41,,29.00
1908 SLIDES POLYSOFT,BLUE NAVY-WHITE,42,,29.00
1908 SLIDES POLYSOFT,BLUE NAVY-WHITE,43,,29.00
1908 SLIDES POLYSOFT,BLUE NAVY-WHITE,44,,29.00
1908 SLIDES POLYSOFT,BLUE NAVY-WHITE,45,,29.00
1908 SLIDES POLYSOFT,BLUE NAVY-WHITE,46,,29.00
1908 SLIDES POLYSOFT,ORANGE MELON-ORANGE MD,35,,29.00
1908 SLIDES POLYSOFT,ORANGE MELON-ORANGE MD,36,,29.00
1908 SLIDES POLYSOFT,ORANGE MELON-ORANGE MD,37,,29.00
1908 SLIDES POLYSOFT,ORANGE MELON-ORANGE MD,38,,29.00
1908 SLIDES POLYSOFT,ORANGE MELON-ORANGE MD,39,,29.00
1908 SLIDES POLYSOFT,ORANGE MELON-ORANGE MD,40,,29.00
1908 SLIDES POLYSOFT,ORANGE MELON-ORANGE MD,41,,29.00
1908 SLIDES POLYSOFT,ORANGE MELON-ORANGE MD,42,,29.00
1908 SLIDES POLYSOFT,ORANGE MELON-ORANGE MD,43,,29.00
1908 SLIDES POLYSOFT,ORANGE MELON-ORANGE MD,44,,29.00
1908 SLIDES POLYSOFT,ORANGE MELON-ORANGE MD,45,,29.00
1908 SLIDES POLYSOFT,ORANGE MELON-ORANGE MD,46,,29.00
1908 SLIDES POLYSOFT,PINK PARFAIT,35,,29.00
1908 SLIDES POLYSOFT,PINK PARFAIT,36,,29.00
1908 SLIDES POLYSOFT,PINK PARFAIT,37,,29.00
1908 SLIDES POLYSOFT,PINK PARFAIT,38,,29.00
1908 SLIDES POLYSOFT,PINK PARFAIT,39,,29.00
1908 SLIDES POLYSOFT,PINK PARFAIT,40,,29.00
1908 SLIDES POLYSOFT,PINK PARFAIT,41,,29.00
1908 SLIDES POLYSOFT,PINK PARFAIT,42,,29.00
1908 SLIDES POLYSOFT,PINK PARFAIT,43,,29.00
1908 SLIDES POLYSOFT,PINK PARFAIT,44,,29.00
1908 SLIDES POLYSOFT,PINK PARFAIT,45,,29.00
1908 SLIDES POLYSOFT,PINK PARFAIT,46,,29.00
1908 SLIDES POLYSOFT,PINK SKIN,35,,29.00
1908 SLIDES POLYSOFT,PINK SKIN,36,,29.00
1908 SLIDES POLYSOFT,PINK SKIN,37,,29.00
1908 SLIDES POLYSOFT,PINK SKIN,38,,29.00
1908 SLIDES POLYSOFT,PINK SKIN,39,,29.00
1908 SLIDES POLYSOFT,PINK SKIN,40,,29.00
1908 SLIDES POLYSOFT,PINK SKIN,41,,29.00
1908 SLIDES POLYSOFT,PINK SKIN,42,,29.00
1908 SLIDES POLYSOFT,PINK SKIN,43,,29.00
1908 SLIDES POLYSOFT,PINK SKIN,44,,29.00
1908 SLIDES POLYSOFT,PINK SKIN,45,,29.00
1908 SLIDES POLYSOFT,PINK SKIN,46,,29.00
1908 SLIDES POLYSOFT,TOTAL BLACK,35,,29.00
1908 SLIDES POLYSOFT,TOTAL BLACK,36,,29.00
1908 SLIDES POLYSOFT,TOTAL BLACK,37,,29.00
1908 SLIDES POLYSOFT,TOTAL BLACK,38,,29.00
1908 SLIDES POLYSOFT,TOTAL BLACK,39,,29.00
1908 SLIDES POLYSOFT,TOTAL BLACK,40,,29.00
1908 SLIDES POLYSOFT,TOTAL BLACK,41,,29.00
1908 SLIDES POLYSOFT,TOTAL BLACK,42,,29.00
1908 SLIDES POLYSOFT,TOTAL BLACK,43,,29.00
1908 SLIDES POLYSOFT,TOTAL BLACK,44,,29.00
1908 SLIDES POLYSOFT,TOTAL BLACK,45,,29.00
1908 SLIDES POLYSOFT,TOTAL BLACK,46,,29.00
1908 SLIDES POLYSOFT,WHITE-BLACK,35,,29.00
1908 SLIDES POLYSOFT,WHITE-BLACK,36,,29.00
1908 SLIDES POLYSOFT,WHITE-BLACK,37,,29.00
1908 SLIDES POLYSOFT,WHITE-BLACK,38,,29.00
1908 SLIDES POLYSOFT,WHITE-BLACK,39,,29.00
1908 SLIDES POLYSOFT,WHITE-BLACK,40,,29.00
1908 SLIDES POLYSOFT,WHITE-BLACK,41,,29.00
1908 SLIDES POLYSOFT,WHITE-BLACK,42,,29.00
1908 SLIDES POLYSOFT,WHITE-BLACK,43,,29.00
1908 SLIDES POLYSOFT,WHITE-BLACK,44,,29.00
1908 SLIDES POLYSOFT,WHITE-BLACK,45,,29.00
1908 SLIDES POLYSOFT,WHITE-BLACK,46,,29.00
1908 SLIDES POLYSOFT,WHITE-MULTICOLOR,35,,29.00
1908 SLIDES POLYSOFT,WHITE-MULTICOLOR,36,,29.00
1908 SLIDES POLYSOFT,WHITE-MULTICOLOR,37,,29.00
1908 SLIDES POLYSOFT,WHITE-MULTICOLOR,38,,29.00
1908 SLIDES POLYSOFT,WHITE-MULTICOLOR,39,,29.00
1908 SLIDES POLYSOFT,WHITE-MULTICOLOR,40,,29.00
1908 SLIDES POLYSOFT,WHITE-MULTICOLOR,41,,29.00
1908 SLIDES POLYSOFT,WHITE-MULTICOLOR,42,,29.00
1908 SLIDES POLYSOFT,WHITE-MULTICOLOR,43,,29.00
1908 SLIDES POLYSOFT,WHITE-MULTICOLOR,44,,29.00
1908 SLIDES POLYSOFT,WHITE-MULTICOLOR,45,,29.00
1908 SLIDES POLYSOFT,WHITE-MULTICOLOR,46,,29.00
1908 SLIDES POLYSOFT,WHITE-RED,35,,29.00
1908 SLIDES POLYSOFT,WHITE-RED,36,,29.00
1908 SLIDES POLYSOFT,WHITE-RED,37,,29.00
1908 SLIDES POLYSOFT,WHITE-RED,38,,29.00
1908 SLIDES POLYSOFT,WHITE-RED,39,,29.00
1908 SLIDES POLYSOFT,WHITE-RED,40,,29.00
1908 SLIDES POLYSOFT,WHITE-RED,41,,29.00
1908 SLIDES POLYSOFT,WHITE-RED,42,,29.00
1908 SLIDES POLYSOFT,WHITE-RED,43,,29.00
1908 SLIDES POLYSOFT,WHITE-RED,44,,29.00
1908 SLIDES POLYSOFT,WHITE-RED,45,,29.00
1908 SLIDES POLYSOFT,WHITE-RED,46,,29.00
1908 SLIDES POLYSOFT,AZURE ICE,35,,29.00
1908 SLIDES POLYSOFT,AZURE ICE,36,,29.00
1908 SLIDES POLYSOFT,AZURE ICE,37,,29.00
1908 SLIDES POLYSOFT,AZURE ICE,38,,29.00
1908 SLIDES POLYSOFT,AZURE ICE,39,,29.00
1908 SLIDES POLYSOFT,AZURE ICE,40,,29.00
1908 SLIDES POLYSOFT,AZURE ICE,41,,29.00
1908 SLIDES POLYSOFT,AZURE ICE,42,,29.00
1908 SLIDES POLYSOFT,AZURE ICE,43,,29.00
1908 SLIDES POLYSOFT,AZURE ICE,44,,29.00
1908 SLIDES POLYSOFT,AZURE ICE,45,,29.00
1908 SLIDES POLYSOFT,AZURE ICE,46,,29.00
1908 SLIDES POLYSOFT,AZURE ICE,47,,29.00
1908 SLIDES POLYSOFT,BLACK-WHITE,35,,29.00
1908 SLIDES POLYSOFT,BLACK-WHITE,36,,29.00
1908 SLIDES POLYSOFT,BLACK-WHITE,37,,29.00
1908 SLIDES POLYSOFT,BLACK-WHITE,38,,29.00
1908 SLIDES POLYSOFT,BLACK-WHITE,39,,29.00
1908 SLIDES POLYSOFT,BLACK-WHITE,40,,29.00
1908 SLIDES POLYSOFT,BLACK-WHITE,41,,29.00
1908 SLIDES POLYSOFT,BLACK-WHITE,42,,29.00
1908 SLIDES POLYSOFT,BLACK-WHITE,43,,29.00
1908 SLIDES POLYSOFT,BLACK-WHITE,44,,29.00
1908 SLIDES POLYSOFT,BLACK-WHITE,45,,29.00
1908 SLIDES POLYSOFT,BLACK-WHITE,46,,29.00
1908 SLIDES POLYSOFT,BLACK-WHITE,47,,29.00
1908 SLIDES POLYSOFT,BLUE NAVY-WHITE,35,,29.00
1908 SLIDES POLYSOFT,BLUE NAVY-WHITE,36,,29.00
1908 SLIDES POLYSOFT,BLUE NAVY-WHITE,37,,29.00
1908 SLIDES POLYSOFT,BLUE NAVY-WHITE,38,,29.00
1908 SLIDES POLYSOFT,BLUE NAVY-WHITE,39,,29.00
1908 SLIDES POLYSOFT,BLUE NAVY-WHITE,40,,29.00
1908 SLIDES POLYSOFT,BLUE NAVY-WHITE,41,,29.00
1908 SLIDES POLYSOFT,BLUE NAVY-WHITE,42,,29.00
1908 SLIDES POLYSOFT,BLUE NAVY-WHITE,43,,29.00
1908 SLIDES POLYSOFT,BLUE NAVY-WHITE,44,,29.00
1908 SLIDES POLYSOFT,BLUE NAVY-WHITE,45,,29.00
1908 SLIDES POLYSOFT,BLUE NAVY-WHITE,46,,29.00
1908 SLIDES POLYSOFT,BLUE NAVY-WHITE,47,,29.00
1908 SLIDES POLYSOFT,ORANGE MELON-ORANGE MD,35,,29.00
1908 SLIDES POLYSOFT,ORANGE MELON-ORANGE MD,36,,29.00
1908 SLIDES POLYSOFT,ORANGE MELON-ORANGE MD,37,,29.00
1908 SLIDES POLYSOFT,ORANGE MELON-ORANGE MD,38,,29.00
1908 SLIDES POLYSOFT,ORANGE MELON-ORANGE MD,39,,29.00
1908 SLIDES POLYSOFT,ORANGE MELON-ORANGE MD,40,,29.00
1908 SLIDES POLYSOFT,ORANGE MELON-ORANGE MD,41,,29.00
1908 SLIDES POLYSOFT,ORANGE MELON-ORANGE MD,42,,29.00
1908 SLIDES POLYSOFT,ORANGE MELON-ORANGE MD,43,,29.00
1908 SLIDES POLYSOFT,ORANGE MELON-ORANGE MD,44,,29.00
1908 SLIDES POLYSOFT,ORANGE MELON-ORANGE MD,45,,29.00
1908 SLIDES POLYSOFT,ORANGE MELON-ORANGE MD,46,,29.00
1908 SLIDES POLYSOFT,ORANGE MELON-ORANGE MD,47,,29.00
1908 SLIDES POLYSOFT,PINK PARFAIT,35,,29.00
1908 SLIDES POLYSOFT,PINK PARFAIT,36,,29.00
1908 SLIDES POLYSOFT,PINK PARFAIT,37,,29.00
1908 SLIDES POLYSOFT,PINK PARFAIT,38,,29.00
1908 SLIDES POLYSOFT,PINK PARFAIT,39,,29.00
1908 SLIDES POLYSOFT,PINK PARFAIT,40,,29.00
1908 SLIDES POLYSOFT,PINK PARFAIT,41,,29.00
1908 SLIDES POLYSOFT,PINK PARFAIT,42,,29.00
1908 SLIDES POLYSOFT,PINK PARFAIT,43,,29.00
1908 SLIDES POLYSOFT,PINK PARFAIT,44,,29.00
1908 SLIDES POLYSOFT,PINK PARFAIT,45,,29.00
1908 SLIDES POLYSOFT,PINK PARFAIT,46,,29.00
1908 SLIDES POLYSOFT,PINK PARFAIT,47,,29.00
1908 SLIDES POLYSOFT,PINK SKIN,35,,29.00
1908 SLIDES POLYSOFT,PINK SKIN,36,,29.00
1908 SLIDES POLYSOFT,PINK SKIN,37,,29.00
1908 SLIDES POLYSOFT,PINK SKIN,38,,29.00
1908 SLIDES POLYSOFT,PINK SKIN,39,,29.00
1908 SLIDES POLYSOFT,PINK SKIN,40,,29.00
1908 SLIDES POLYSOFT,PINK SKIN,41,,29.00
1908 SLIDES POLYSOFT,PINK SKIN,42,,29.00
1908 SLIDES POLYSOFT,PINK SKIN,43,,29.00
1908 SLIDES POLYSOFT,PINK SKIN,44,,29.00
1908 SLIDES POLYSOFT,PINK SKIN,45,,29.00
1908 SLIDES POLYSOFT,PINK SKIN,46,,29.00
1908 SLIDES POLYSOFT,PINK SKIN,47,,29.00
1908 SLIDES POLYSOFT,TOTAL BLACK,35,,29.00
1908 SLIDES POLYSOFT,TOTAL BLACK,36,,29.00
1908 SLIDES POLYSOFT,TOTAL BLACK,37,,29.00
1908 SLIDES POLYSOFT,TOTAL BLACK,38,,29.00
1908 SLIDES POLYSOFT,TOTAL BLACK,39,,29.00
1908 SLIDES POLYSOFT,TOTAL BLACK,40,,29.00
1908 SLIDES POLYSOFT,TOTAL BLACK,41,,29.00
1908 SLIDES POLYSOFT,TOTAL BLACK,42,,29.00
1908 SLIDES POLYSOFT,TOTAL BLACK,43,,29.00
1908 SLIDES POLYSOFT,TOTAL BLACK,44,,29.00
1908 SLIDES POLYSOFT,TOTAL BLACK,45,,29.00
1908 SLIDES POLYSOFT,TOTAL BLACK,46,,29.00
1908 SLIDES POLYSOFT,TOTAL BLACK,47,,29.00
1908 SLIDES POLYSOFT,WHITE-BLACK,35,,29.00
1908 SLIDES POLYSOFT,WHITE-BLACK,36,,29.00
1908 SLIDES POLYSOFT,WHITE-BLACK,37,,29.00
1908 SLIDES POLYSOFT,WHITE-BLACK,38,,29.00
1908 SLIDES POLYSOFT,WHITE-BLACK,39,,29.00
1908 SLIDES POLYSOFT,WHITE-BLACK,40,,29.00
1908 SLIDES POLYSOFT,WHITE-BLACK,41,,29.00
1908 SLIDES POLYSOFT,WHITE-BLACK,42,,29.00
1908 SLIDES POLYSOFT,WHITE-BLACK,43,,29.00
1908 SLIDES POLYSOFT,WHITE-BLACK,44,,29.00
1908 SLIDES POLYSOFT,WHITE-BLACK,45,,29.00
1908 SLIDES POLYSOFT,WHITE-BLACK,46,,29.00
1908 SLIDES POLYSOFT,WHITE-BLACK,47,,29.00
1908 SLIDES POLYSOFT,WHITE-MULTICOLOR,35,,29.00
1908 SLIDES POLYSOFT,WHITE-MULTICOLOR,36,,29.00
1908 SLIDES POLYSOFT,WHITE-MULTICOLOR,37,,29.00
1908 SLIDES POLYSOFT,WHITE-MULTICOLOR,38,,29.00
1908 SLIDES POLYSOFT,WHITE-MULTICOLOR,39,,29.00
1908 SLIDES POLYSOFT,WHITE-MULTICOLOR,40,,29.00
1908 SLIDES POLYSOFT,WHITE-MULTICOLOR,41,,29.00
1908 SLIDES POLYSOFT,WHITE-MULTICOLOR,42,,29.00
1908 SLIDES POLYSOFT,WHITE-MULTICOLOR,43,,29.00
1908 SLIDES POLYSOFT,WHITE-MULTICOLOR,44,,29.00
1908 SLIDES POLYSOFT,WHITE-MULTICOLOR,45,,29.00
1908 SLIDES POLYSOFT,WHITE-MULTICOLOR,46,,29.00
1908 SLIDES POLYSOFT,WHITE-MULTICOLOR,47,,29.00
1908 SLIDES POLYSOFT,WHITE-RED,35,,29.00
1908 SLIDES POLYSOFT,WHITE-RED,36,,29.00
1908 SLIDES POLYSOFT,WHITE-RED,37,,29.00
1908 SLIDES POLYSOFT,WHITE-RED,38,,29.00
1908 SLIDES POLYSOFT,WHITE-RED,39,,29.00
1908 SLIDES POLYSOFT,WHITE-RED,40,,29.00
1908 SLIDES POLYSOFT,WHITE-RED,41,,29.00
1908 SLIDES POLYSOFT,WHITE-RED,42,,29.00
1908 SLIDES POLYSOFT,WHITE-RED,43,,29.00
1908 SLIDES POLYSOFT,WHITE-RED,44,,29.00
1908 SLIDES POLYSOFT,WHITE-RED,45,,29.00
1908 SLIDES POLYSOFT,WHITE-RED,46,,29.00
1908 SLIDES POLYSOFT,WHITE-RED,47,,29.00
1908 SLIDES CLEAR IDENTITY,BLACK,35,,35.00
1908 SLIDES CLEAR IDENTITY,BLACK,36,,35.00
1908 SLIDES CLEAR IDENTITY,BLACK,37,,35.00
1908 SLIDES CLEAR IDENTITY,BLACK,38,,35.00
1908 SLIDES CLEAR IDENTITY,BLACK,39,,35.00
1908 SLIDES CLEAR IDENTITY,BLACK,40,,35.00
1908 SLIDES CLEAR IDENTITY,BLACK,41,,35.00
1908 SLIDES CLEAR IDENTITY,BLACK,42,,35.00
1908 SLIDES CLEAR IDENTITY,BLACK,43,,35.00
1908 SLIDES CLEAR IDENTITY,BLACK,44,,35.00
1908 SLIDES CLEAR IDENTITY,BLACK,45,,35.00
1908 SLIDES CLEAR IDENTITY,BLACK,46,,35.00
1908 SLIDES CLEAR IDENTITY,PINK TICKLED,35,,35.00
1908 SLIDES CLEAR IDENTITY,PINK TICKLED,36,,35.00
1908 SLIDES CLEAR IDENTITY,PINK TICKLED,37,,35.00
1908 SLIDES CLEAR IDENTITY,PINK TICKLED,38,,35.00
1908 SLIDES CLEAR IDENTITY,PINK TICKLED,39,,35.00
1908 SLIDES CLEAR IDENTITY,PINK TICKLED,40,,35.00
1908 SLIDES CLEAR IDENTITY,PINK TICKLED,41,,35.00
1908 SLIDES CLEAR IDENTITY,PINK TICKLED,42,,35.00
1908 SLIDES CLEAR IDENTITY,PINK TICKLED,43,,35.00
1908 SLIDES CLEAR IDENTITY,PINK TICKLED,44,,35.00
1908 SLIDES CLEAR IDENTITY,PINK TICKLED,45,,35.00
1908 SLIDES CLEAR IDENTITY,PINK TICKLED,46,,35.00
1908 SLIDES CLEAR IDENTITY,WHITE AVORIO-VIOLET LILLA,35,,35.00
1908 SLIDES CLEAR IDENTITY,WHITE AVORIO-VIOLET LILLA,36,,35.00
1908 SLIDES CLEAR IDENTITY,WHITE AVORIO-VIOLET LILLA,37,,35.00
1908 SLIDES CLEAR IDENTITY,WHITE AVORIO-VIOLET LILLA,38,,35.00
1908 SLIDES CLEAR IDENTITY,WHITE AVORIO-VIOLET LILLA,39,,35.00
1908 SLIDES CLEAR IDENTITY,WHITE AVORIO-VIOLET LILLA,40,,35.00
1908 SLIDES CLEAR IDENTITY,WHITE AVORIO-VIOLET LILLA,41,,35.00
1908 SLIDES CLEAR IDENTITY,WHITE AVORIO-VIOLET LILLA,42,,35.00
1908 SLIDES CLEAR IDENTITY,WHITE AVORIO-VIOLET LILLA,43,,35.00
1908 SLIDES CLEAR IDENTITY,WHITE AVORIO-VIOLET LILLA,44,,35.00
1908 SLIDES CLEAR IDENTITY,WHITE AVORIO-VIOLET LILLA,45,,35.00
1908 SLIDES CLEAR IDENTITY,WHITE AVORIO-VIOLET LILLA,46,,35.00
1908 SLIDES CURLY PADDED STRIPES,WHITE-SHADED PINK,35,,45.00
1908 SLIDES CURLY PADDED STRIPES,WHITE-SHADED PINK,36,,45.00
1908 SLIDES CURLY PADDED STRIPES,WHITE-SHADED PINK,37,,45.00
1908 SLIDES CURLY PADDED STRIPES,WHITE-SHADED PINK,38,,45.00
1908 SLIDES CURLY PADDED STRIPES,WHITE-SHADED PINK,39,,45.00
1908 SLIDES CURLY PADDED STRIPES,WHITE-SHADED PINK,40,,45.00
1908 SLIDES CURLY PADDED STRIPES,WHITE-SHADED PINK,41,,45.00
1908 SLIDES CURLY PADDED STRIPES,WHITE-SHADED PINK,42,,45.00
